algorithm,name,train_acc,val_acc,test_acc
logistic_regression,Logistic Regression,0.924550142060402,0.9175946547884187,0.9159663865546218
knn,KNN,0.9180258865621382,0.9116555308092057,0.9229082937522836
svm,SVM,0.9374934231295381,0.9220489977728286,0.9294848374132262
random_forest,Random Forest,1.0,0.9205642167780252,0.9247351114358787
