algorithm,name,train_acc,test_acc,overfit_gap
logistic_regression,Logistic Regression,0.924550142060402,0.9159663865546218,0.008583755505780166
knn,KNN,0.9180258865621382,0.9229082937522836,-0.004882407190145321
svm,SVM,0.9374934231295381,0.9294848374132262,0.008008585716311911
random_forest,Random Forest,1.0,0.9247351114358787,0.07526488856412128
