component,explained_variance_ratio,cumulative_variance_ratio
PC1,0.48941538223280073,0.48941538223280073
PC2,0.18616272947294,0.6755781117057407
